109128,2COLOUR LOGO 3P,BLACK/MEDGREHEA,TRAINING,SOCKS,Unisex,607.51
653254,BEACH TB 2,NEWCURACA/CHILI,TRAINING,BAGS,Woman,468.78
90411,LFC FITTED CAP,BLACK/LGTSCARLT,FOOTBALL/SOCCER,HEADWEAR,Men,113.25
28636,BATIDA GRAIN W,RUNWHT/FREGRE/LEAD,TENNIS,SHOES,Woman,907.70
59448,INF ART TRUNK A,PUNJAB,SWIM,SWIMWEAR,Men,827.95
694581,S 83-C TWIST,MEDGREHEA/MIDRED,ORIGINALS,JACKETS,Woman,714.84
791253,BONE SS M,BLACK,NOT SPORTS SPECIFIC,T-SHIRTS,Men,193.79
648203,BI-TONAL POLO,WHITE,TRAINING,POLO SHIRTS,Men,767.56
G50724,CORE 50,BLACK1/BLACK1/INTPNK,TRAINING,SHOES,Woman,955.49
K15494,PADDED JKT,BLACK,OUTDOOR,JACKETS,Men,754.43
P43729,ESS STR POLO,WHITE,TRAINING,POLO SHIRTS,Woman,932.68
551921,VAPORSPEED TR,GRAPHI/BLACK/GOLD,TRAINING,SHOES,Men,515.97
309598,REFEREE SHIRT,BLACK/LEGACY,ORIGINALS,POLO SHIRTS,Men,639.34
P90419,SP Y 3S PESPANT,PURPLEBEA/RADIANAQU,TRAINING,PANTS,Woman,694.80
919796,KICK 3 I,BLACK1/WHT/DCHILI,ORIGINALS,SHOES,Infant,149.84
610160,TROF TRG SHO,BLACK,FOOTBALL/SOCCER,SHORTS,Men,516.42
537595,B49 TRAINER K,RUNWHT/DKINDI/SILVER,TRAINING,SHOES,Kid,774.47
373077,B TREFOIL CAP,VIVIDRED/LEGACY,ORIGINALS,HEADWEAR,Men,620.17
24935,SPORTHEIM PANT,BLACK/LEGACY,ORIGINALS,PANTS,Men,439.88
308040,365 SIG GYM SUI,RUBIAGREY,TRAINING,SUITS,Men,703.62
743176,RH SUN HAT,BONE/LEGACY,ORIGINALS,HEADWEAR,Woman,893.54
E41330,FIN. LON. CAP.,WHITE/POPPY,FOOTBALL/SOCCER,BALLS,Men,507.41
55564,ADICOLOR CAP,BLACK/SATELLITE,ORIGINALS,HEADWEAR,Unisex,426.86
612508,FBS GRA TEE,BLACK,FOOTBALL/SOCCER,T-SHIRTS,Men,653.91
14505,MISSY GAME II,MUSBRO/TECBRO/TECGRE,ORIGINALS,SHOES,Woman,438.94
385758,SAVAGE 2003 W,BREEZE/LAZART/SOLUCE,RUNNING,SHOES,Woman,729.20
K81931,STRAPPY VEST,ROSE RED F10-R,WORKOUT,TOPS,Woman,815.10
664274,TOP TEN LT LOW,BLACK1/METSIL/BLACK1,BASKETBALL,SHOES,Men,213.92
667201,KG BOUNCE,BLACK1/LONEBL/RUNWHT,BASKETBALL,SHOES,Men,286.14
E14787,ESS CREW TEE,BLACK,TRAINING,T-SHIRTS,Kid,182.90
418009,EXTEND LOW XCR,PUTTY/HEMP/FLPJA,OUTDOOR,SHOES,Men,324.39
802152,"ELITE BTL 0,5L",WAVEBLUE/WHITE,TRAINING,HARDWARE ACCESSORIES,Unisex,957.09
571040,RG SHORT,DARKSLATE/Powderblu,TENNIS,SHORTS,Men,731.13
303221,ME WV STR PANT,RUBIAGREY,TRAINING,PANTS,Woman,887.59
60008,W COMP.WARMUP,WHITE/BLACK,TENNIS,SUITS,Woman,507.13
372246,AC M 3S TEE,WHITE/VIVIDRED,TRAINING,T-SHIRTS,Men,632.28
615894,PREDATOR CLUB,WHITE/BLACK,FOOTBALL/SOCCER,PROTECTION GEAR,Men,620.88
805443,RH POCKET BELT,BONE/CONCRETE,ORIGINALS,BAGS,Woman,198.69
G41601,SNICE CF I,RUNWHI/RADPNK/FRECAN,TRAINING,SHOES,Infant,707.93
506916,RES CT TH POLO,DRKINDIGO/WHITE,TENNIS,POLO SHIRTS,Men,706.17
10529,ORACLE LOGO CVS II,BLACK1/RUNWHI/RUNWHI,TENNIS,SHOES,Men,234.77
741327,CORE MT TRUCKER,DARKNAVY/WAVEBLUE,ORIGINALS,HEADWEAR,Unisex,379.18
109125,NA TRACK TOP,BLACK/SHOCKRED,TRAINING,JACKETS,Woman,541.24
462756,SUPERSTAR CF I,WHT/ENERGY/MAJEST,ORIGINALS,SHOES,Infant,340.16
627254,SFT SHORT,LGHTSCREE,ORIGINALS,SHORTS,Men,211.25
741916,GYM CU TRACK PA,LIGHTBARK,TRAINING,PANTS,Woman,397.02
P06130,FIREBIRD TP,ARTRED,ORIGINALS,PANTS,Woman,488.56
373735,FARRAH PANT,BLACK/LEGACY,ORIGINALS,PANTS,Woman,783.30
503822,CORE CUFF PANT,BLACK,ORIGINALS,PANTS,Woman,231.55
87699,TF UW BOXER,WHITE,TRAINING,TIGHTS,Men,424.64
506169,PREMIO JSY LS,WHITE/NEWNAVY,FOOTBALL/SOCCER,JERSEYS,Men,454.39
95231,PB LOGO TEE,DARKSPACE/LGHTSPACE,ORIGINALS,T-SHIRTS,Woman,302.10
566076,WINTER LS 2,TITANIUM/ALLOY,ORIGINALS,SWEATERS,Men,496.73
P08258,LF SS TT CS,TIN,ORIGINALS,JACKETS,Men,662.58
10349,+PREDITO II TF,DPSPMT/METSIL/METSIL,FOOTBALL/SOCCER,SHOES,Men,678.79
X50274,M-REKORD,RINSEDENI,ORIGINALS,PANTS,Men,875.79
73634,ESS BERTY SHORT,DARKSLATE/WHITE,TRAINING,SHORTS,Men,223.94
556104,BASICS L TIGHT,BLACK/RUNNWHITE,TRAINING,TIGHTS,Woman,744.53
659010,FOOT B BPACK,SUNSHINE/BLACK,FOOTBALL/SOCCER,BAGS,Unisex,553.95
314393,3S CB TEE,WHITE/DARKONIX,TRAINING,T-SHIRTS,Men,943.06
G44341,ADI SUN W,AERRED/AERRED/WHT,ORIGINALS,SANDALS/SLIPPERS,Woman,800.64
93399,BORN ON THE COU,DEEPCHILI/BLACK,BASKETBALL,T-SHIRTS,Men,673.15
G23045,TOP TEN LO NBA,BLACK1/COGRSL/DARONX,ORIGINALS,SHOES,Men,991.72
303775,SUMMIT VEST,DRKMARINE,ORIGINALS,JACKETS,Men,178.99
156919,YR-SLEEVEL.VEST,ONIX/URANUS,TRAINING,JACKETS,Men,805.71
635942,BS SHORT LL,LIGHTAQUA,SWIM,SWIMWEAR,Men,174.49
506926,RES CT TRAD POL,WHITE/BLACK,TENNIS,POLO SHIRTS,Men,471.24
G12098,NIZZA LO,WHT/WHT/WHT,ORIGINALS,SHOES,Men,602.27
67669,ADIDAS CB SH B,ORANGE/DARKSLATE,SWIM,SWIMWEAR,Kid,103.91
653882,PLAYA X-ITE,WHITE/COLLEGRED,FOOTBALL/SOCCER,BALLS,Men,549.93
76411,RECORD T.TOP,DARKNAVY/DEEPROYAL,TRAINING,JACKETS,Men,927.06
83163,CL FZ HOOD,MONOPINK/WHITE,TRAINING,SWEATSHIRTS,Kid,319.77
608760,D S V TOP,VAPOUR/COLEGAQUA,ORIGINALS,T-SHIRTS,Woman,970.41
52363,ADICREW 6PP,BLACK/WHITE,TRAINING,SOCKS,Unisex,985.80
43943,MICROBOUNCE LT W,LGRANI/INTPIN/GRAGRE,RUNNING,SHOES,Woman,935.06
909213,HONEY LOW GRUEN,LGTRUB/VAPOUR/WHT,ORIGINALS,SHOES,Woman,967.49
P93799,BNCE L/S TEE,BLACK/WHITE,TRAINING,T-SHIRTS,Men,237.10
E14815,REAL TT,DARKPURPL/WHITE,ORIGINALS,JACKETS,Men,968.77
47466,SBW TEE,MINTGREEN,TRAINING,T-SHIRTS,Woman,509.39
652808,PERFANTO M,NEWNAV/WHT/NEWNAV,SWIM,SANDALS/SLIPPERS,Men,665.92
E43699,CR_BTS POWER,TINMET/PURESTEEL,TRAINING,BAGS,Unisex,592.63
O43781,SE SL,SUSHI GREEN F11-R,RUNNING,T-SHIRTS,Men,154.54
740397,ET TRAINPANT,WHITE/SILVER,TRAINING,PANTS,Woman,251.56
464269,BRASIC HIGH STR,STONE/POWGRE/RUNWHT,TENNIS,SHOES,Unisex,586.14
949151,FREEST ANTOXIA,IRON/POWERRED,TRAINING,BAGS,Unisex,122.62
628367,CLUB WV PANT,LIGHTIRON,TRAINING,PANTS,Men,532.62
462570,+F10.6 TRX TF,WHT/ZENITH/MASBLU,FOOTBALL/SOCCER,SHOES,Men,992.92
L12075,SUPER CAN W,NGTPUR/NGTPUR/NGTPUR,TENNIS,SHOES,Woman,939.42
P93004,INF 3S HD FZ PO,BLUEBEAUT/DRKINDIGO,TRAINING,SUITS,Infant,682.95
946175,PERF SHOOTING TOP TBF,WHITE/RED,BASKETBALL,JERSEYS,Men,723.34
602427,BTS CLASSIC BP,BLACK/SILVER,TRAINING,BAGS,Unisex,242.81
79848,+PRED CC JSY,BLACK/COLLEGRED,FOOTBALL/SOCCER,JERSEYS,Men,827.61
RK31840,CITY BAG,COMBAT GREEN S09-R,Err:520,BAGS,Unisex,501.80
518674,SHORE,DUSK/BLACK/PEWTER,RUNNING,SHOES,Men,731.13
574490,LIN POLO STRIPE,Echo/WHITE,TRAINING,POLO SHIRTS,Woman,364.93
616267,PARTIDO,BLACK/PREDATRED,FOOTBALL/SOCCER,PROTECTION GEAR,Men,911.01
504225,GS 3/4 TRG PANT,BLACK/TRUERED,FOOTBALL/SOCCER,PANTS,Men,465.90
616356,RESPONSE PRO,COBALT/WHITE,FOOTBALL/SOCCER,PROTECTION GEAR,Men,468.34
418018,EXTEND MID XCR,BURRO/SHREW/FOUND,OUTDOOR,SHOES,Men,816.83
553190,TUSCANY ENDURO HI SUEDE,BLACK/WHT/Laser,ORIGINALS,SHOES,Men,367.42
P96578,CORE LS TEE,DEEPCHILI,SPORT STYLE,T-SHIRTS,Men,295.78
P91434,PAD JKT YOUNG,NIGHTSKY,TRAINING,JACKETS,Men,662.36
V37058,T DISNEY B G3PP,WHITE/FRESHBLUE,TRAINING,SOCKS,Kid,541.39
545094,PREMIUM CARRY N,SCREEGREY/PEARL,TRAINING,BAGS,Woman,357.44
309523,SUPERGIRL JCKT.,DIABOLO/DRKMARINE,ORIGINALS,JACKETS,Woman,354.45
K23394,METAL BADGE CAP,BLACK,TRAINING,HEADWEAR,Woman,894.62
X25062,ESS 3S TRACKTOP,MEDGREHEA/WHITE,TRAINING,JACKETS,Woman,890.22
741357,COURT WRISTBAND,WHITE/WAVEBLUE,ORIGINALS,APPAREL ACCESSORIES,Unisex,465.08
696985,AD TRACKTOP,BLACK/CHALK2,TRAINING,JACKETS,Men,291.26
667361,BTB LT W,RUNWHT/DSHALE/CALLIS,BASKETBALL,SHOES,Woman,164.98
J02608,DINAMO TF,BLACK/WHITE/RED,FOOTBALL/SOCCER,SHOES,Men,684.38
625057,GYM CU PADDED J,DARKSPACE,TRAINING,JACKETS,Woman,396.92
802695,G. WAITZ BAG,FAIRWAY/WHITE,ORIGINALS,BAGS,Woman,134.57
67183,ALI GAZE,MEDGREHEA,TRAINING,T-SHIRTS,Men,874.29
O57443,M QUILTED SWT,BLACK,ORIGINALS,JACKETS,Men,319.95
58762,ADI FIREBIRD TT,COLLENAVY/LGTORANGE,ORIGINALS,JACKETS,Men,931.88
36666,GALAXY SMV SE K,ALABAS/MERGRE/RUNWHT,ORIGINALS,SHOES,Kid,992.71
O57866,VESPA TRACK TOP,BLACK/DARKSHALE,ORIGINALS,JACKETS,Men,170.20
561329,TELSTAR TRX TF,RUNWHT/COLRED/COLRED,FOOTBALL/SOCCER,SHOES,Men,206.77
650075,3S FADING CAP,BLACK,TRAINING,HEADWEAR,Unisex,138.06
686611,BC CALYPSO PANT,DARKNAVY,TRAINING,PANTS,Men,806.75
38343,BI-TONAL BP CLA,TAUPE,TRAINING,BAGS,Unisex,564.68
608524,BL NIGHT TEE,MIDBLUE,ORIGINALS,T-SHIRTS,Woman,601.41
318135,AMPH SHIRT W,CRISTAL,OUTDOOR,T-SHIRTS,Woman,817.44
26779,3SI 3/4 PANTS,PHANTOM/WHITE,TRAINING,PANTS,Woman,600.13
805923,+TG MINI,BLACK/black,FOOTBALL/SOCCER,BALLS,Men,207.94
397979,DBA BP,COLLENAVY,FOOTBALL/SOCCER,BAGS,Kid,291.92
X35539,RUN GRAPH TANK,SUPERPINK,TRAINING,T-SHIRTS,Woman,875.41
12779,TACTIC LOW W,WHT/CALLIS/SPLASH,ORIGINALS,SHOES,Woman,418.92
48194,FZ KNIT V,MINTGREEN/LIGHTJADE,ORIGINALS,JACKETS,Men,908.50
467959,NRTN,BLACK1/LEAD/SILVER,ORIGINALS,SHOES,Men,365.23
12194,MACTELO,BLSACU/GRSACU/BROMET,TRAINING,SHOES,Unisex,874.66
603007,F.C. KNIT,APOLLO/LEMONPEEL,TRAINING,SWEATERS,Men,142.43
G00817,SUPERSTAR 2 CMF I,WHT/PURGRN/PURYEL,ORIGINALS,SHOES,Infant,179.36
E14705,ESS 3SKNIT SUIT,BLOOM/PHANTOM,TRAINING,SUITS,Woman,564.36
10496,+F50.7 TUNIT UPPER,RUNWHT/BLACK1/METSIL,FOOTBALL/SOCCER,SHOES,Men,559.86
K24230,CORE W/O PANT S,BLACK,TRAINING,PANTS,Woman,835.21
G41851,EQT REMODEL,DKINDI/FREBLU/WHT,ORIGINALS,SHOES,Men,666.22
27963,AR SWEAT TT,SILVER,ORIGINALS,JACKETS,Woman,381.32
J84086,EASYTONE REECHILL II,LTHR/GRY/GRVL/SLV/PUR/GRY,TRAINING,SHOES,Woman,783.18
569413,PHAIDON LS TEE,BLACK,TRAINING,T-SHIRTS,Woman,208.16
67703,SOLID SHORT BOY,BLACK/DARKSLATE,SWIM,SWIMWEAR,Kid,604.35
69561,REG JSY P,GOLD/TORO,FOOTBALL/SOCCER,JERSEYS,Men,995.49
RK29185,SMOOTH FIT CAP,WHITE,TRAINING,HEADWEAR,Woman,744.15
608433,D AG GRAPHIC TE,CARGO,ORIGINALS,T-SHIRTS,Woman,471.68
G03908,VESPA SPRINT VELOCE,WHT/WHT/BLACK1,ORIGINALS,SHOES,Men,386.43
V10866,SN 3/4 TI W,STRONGPNK/INTENSPNK,RUNNING,TIGHTS,Woman,366.16
610604,ESS NEW PANT,TAUPE,TRAINING,PANTS,Men,938.25
E80278,I 3SA 1PC,BLACK/PINKCANDY,SWIM,SWIMWEAR,Woman,407.90
E16349,365INSP SL TEE,WHITE/SILVER,TRAINING,T-SHIRTS,Men,589.80
503973,SUPERSKATE TEE,FAIRWAY/METSILVER,ORIGINALS,T-SHIRTS,Men,312.76
802812,PLAY OFF BTS 3,TORO/BLACK,TRAINING,BAGS,Men,672.91
140219,TRAIL STR ZO P,VENTUGREY,OUTDOOR,PANTS,Men,946.06
608325,RH WINTER COATI,BLACK,ORIGINALS,JACKETS,Woman,103.98
566401,ASC HOODIE,MARSRED/SUNSHINE,ORIGINALS,SWEATSHIRTS,Men,647.58
544970,BL STRIPE CLASP,BLOOM/POOL,ORIGINALS,HARDWARE ACCESSORIES,Woman,474.86
919974,LAHAR TRAINER,WHT/PURCY/METSIL,NOT SPORTS SPECIFIC,SHOES,Woman,935.75
519143,RAYANO,BLACK/WHT/AQUA,SWIM,SANDALS/SLIPPERS,Men,138.78
K14789,HOODIE,BLACK,WORKOUT,SWEATSHIRTS,Men,251.89
E44538,YAT ORGANIZER,ROOT/MATTORANG,TRAINING,BAGS,Woman,651.07
607093,B EDGE BERMUDA,BLACK,TENNIS,SHORTS,Kid,216.69
X30563,CS LONG LOGO HO,BLACK,ORIGINALS,SWEATSHIRTS,Woman,561.11
652266,PANT 3S YOUNG,BLACK/SHADEGREY,TRAINING,PANTS,Men,805.12
O05608,T W ADILIB. 2PP,BLACK/WHITE,TRAINING,SOCKS,Woman,688.34
558296,3S MESH CAP,DEEPSEA,TRAINING,HEADWEAR,Unisex,678.67
X15511,DISNEY CAP G,ULTRAPINK/SUPERPINK,TRAINING,HEADWEAR,Kid,530.15
K23099,YNG KNIT TSUIT,HEROINE PINK S10-RBLACK,TRAINING,SUITS,Woman,237.35
371987,DANIN HD.ZIPTOP,MEDGREHEA,TRAINING,JACKETS,Woman,673.49
77673,AJAX REV TOP,BLACK/TORO,FOOTBALL/SOCCER,SWEATSHIRTS,Men,940.34
P08661,CGYM KICKPANTS,PURESTEEL/PINKMET,TRAINING,PANTS,Woman,461.71
E17431,CR T LINANKLE3P,WHITE/MEDGREHEA,TRAINING,SOCKS,Unisex,962.47
K23236,GRAPH V NEC T,HEROINE PINK S10-R-BLACK,SPORT STYLE,T-SHIRTS,Woman,998.79
29774,BC MATURE JUMP.,BONE/DARKCLAY,TRAINING,SWEATERS,Men,727.30
42174,PORSCHE DESIGN 1 LUX,BLACK1/BLACK1/METGOL,ORIGINALS,SHOES,Men,366.70
K83428,CITY BAG,BLACK/ULTRAMARINE F10-R/S,TRAINING,BAGS,Unisex,363.48
640765,ESSENTIAL JUMP,BLACK/NEOBLUE,WORKOUT,HARDWARE ACCESSORIES,Unisex,959.85
615588,LKB - LTA CAP,POPPY/LIGHTONIX,TRAINING,HEADWEAR,Kid,473.59
558175,DASSLER CAP ADJ,LGTTITAN,TRAINING,HEADWEAR,Unisex,709.86
V87196,FS ULTIMATE,SHARPBLUE/ELECTRICI,FOOTBALL/SOCCER,PROTECTION GEAR,Men,401.69
J09773,VALDE II 500F - PB,WHITE/BLACK/RED,FOOTBALL/SOCCER,BALLS,Unisex,689.08
116264,MISSY CROSS TRAIN,CHOCOL/ICEBLU/CHOCOL,ORIGINALS,SHOES,Woman,919.99
614595,VENUS,BLACK/WHITE,ORIGINALS,BAGS,Woman,600.97
P08254,SVESPA COAT,BLACK,ORIGINALS,JACKETS,Men,285.75
741916,GYM CU TRACK PA,LIGHTBARK,TRAINING,PANTS,Woman,127.96
43601,LS-MOVE II,BLACK1/LAVMET/LAVMET,NOT SPORTS SPECIFIC,SHOES,Woman,188.99
G31514,JOGGER K,RUNWHT/DKINDI/RUNWHT,NOT SPORTS SPECIFIC,SHOES,Kid,171.23
809597,SS 2G6  HALF-SHELL,UNIRED/RUNWHT/METGOL,BASKETBALL,SHOES,Men,523.79
E81108,ADISTAR L/S TEE,PHANTOM/TIN,RUNNING,T-SHIRTS,Men,320.36
O43556,TD-ZIGJKT,BLACK-TIN GREY F11-R,TRAINING,JACKETS,Men,980.75
86418,3S BTS,DIVA/BLOOM,TRAINING,JACKETS,Kid,329.59
O05266,I DYQ SET G 1,CRYSTAL/MEDGREHEA,TRAINING,SUITS,Infant,958.47
635296,D-STRIPE POLO,FRESHPINK,ORIGINALS,POLO SHIRTS,Men,480.15
P90724,ESY TS,BLACK/RED,TRAINING,SUITS,Kid,225.65
E13546,TRAIL FCT TEE,RED,OUTDOOR,T-SHIRTS,Men,615.88
79668,+PRED DB HD JK,WHITE,FOOTBALL/SOCCER,JACKETS,Men,305.37
396209,NY BACKPACK 3,DARKCLAY/NEWNAVY,BASEBALL,BAGS,Unisex,875.95
372070,AC G SWEAT JKTY,DARKCHOCO/TRUERED,TRAINING,JACKETS,Kid,598.52
367285,SOUVENIER TEE,WHITE/FAIRWAY,ORIGINALS,T-SHIRTS,Men,837.25
37876,BTS MESSENGERBA,BLADEBLUE/DARKBLADE,TRAINING,BAGS,Unisex,973.97
V86519,STAR TB,BLACK/ULTLILMET,FOOTBALL/SOCCER,BAGS,Unisex,762.62
